PARTS;Ref Berco;CAT
CHAINES TUILEES AVEC TUILES 7T2288 (560mm ES);BECR76104322;CA3794042
SEGMENT;BECR4686;CA2782376
BOLT FOR SEGMENT;BECR3876;CA7T1248
NUT FOR SEGMENT;BECR1001A;CA7H3609
WASHER SEGMENT;BE5P8249E;CA5P8249
GUIDES CHAINES;BE1844395P;CA1844395
GUIDES CHAINES;BE1844395P;CA1844395P
BOLT;BE8C6857E;CA8C6857
BOLT;BE8C6857E;CA8C6857P
WASHER;BE8T4994E;CA8T4994
ROUE FOLLE;BECR4681;CA1254655
ROUE FOLLE;BECR4681C;CA1254655
CHAPEAU DE ROUE FOLLE;BE3069443P;CA3069443
CHAPEAU DE ROUE FOLLE;BE3069945P;CA3069445
VIS ROUE FOLLE;BE9W4480ADPT;CA9W4480
VIS ROUE FOLLE;BE9W4480E;CA9W4480
WASHER ROUE FOLLE;BE3S1349ADPT;CA3S1349
WASHER ROUE FOLLE;BE3S1349E;CA3S1349
INSERT;BE9W4681E;CA9W4481
INSERT;BE9W4681;CA9W4481
GALET SIMPLE ROUE;BECR4672;CA1969955
GALET SIMPLE ROUE;BECR4672D;CA1969955
GALET DOUBLE ROUE;BECR4673;CA1969954
GALET DOUBLE ROUE;BECR4673D;CA1969954
CHAPEAU DE GALET;BE1311651P;CA1311651
CHAPEAU DE GALET;BE3069445P;CA1311651P
VIS GALET;BE6T1140E;CA6T1140
VIS GALET;BE6T1140E;CA6T1140P
WASHER GALET;BE5P8249E;CA5P8249
SHOES  560mm ES;BECR467122;CA7T2288
BOLT SHOES;BECR4037;CA6T2638
BOLT SHOES;CR4670;CA6T2638
NUT SHOES;BECR4670;CA7G0343
NUT SHOES;CR4037;CA7G0343
BOLT MASTER;BECR3859;CA6V1728
BOLT MASTER;BECR4669;CA7T2283
CHAINE/LINK AS TRACK;CR6479A43;CA1995525
